{
  "fio version" : "fio-3.19-48-g3966",
  "timestamp" : 1588080522,
  "timestamp_ms" : 1588080522882,
  "time" : "Tue Apr 28 08:28:42 2020",
  "global options" : {
    "ioengine" : "rbd",
    "rw" : "randwrite",
    "bs" : "4096",
    "time_based" : "1",
    "runtime" : "30",
    "direct" : " 1",
    "clientname" : "admin",
    "pool" : "mybench",
    "rbdname" : "image1"
  },
  "jobs" : [
    {
      "jobname" : "fio-write",
      "groupid" : 0,
      "error" : 0,
      "eta" : 0,
      "elapsed" : 31,
      "job options" : {
        "iodepth" : "48"
      },
      "read" : {
        "io_bytes" : 0,
        "io_kbytes" : 0,
        "bw_bytes" : 0,
        "bw" : 0,
        "iops" : 0.000000,
        "runtime" : 0,
        "total_ios" : 0,
        "short_ios" : 0,
        "drop_ios" : 0,
        "slat_ns" : {
          "min" : 0,
          "max" : 0,
          "mean" : 0.000000,
          "stddev" : 0.000000,
          "N" : 0
        },
        "clat_ns" : {
          "min" : 0,
          "max" : 0,
          "mean" : 0.000000,
          "stddev" : 0.000000,
          "N" : 0
        },
        "lat_ns" : {
          "min" : 0,
          "max" : 0,
          "mean" : 0.000000,
          "stddev" : 0.000000,
          "N" : 0
        },
        "bw_min" : 0,
        "bw_max" : 0,
        "bw_agg" : 0.000000,
        "bw_mean" : 0.000000,
        "bw_dev" : 0.000000,
        "bw_samples" : 0,
        "iops_min" : 0,
        "iops_max" : 0,
        "iops_mean" : 0.000000,
        "iops_stddev" : 0.000000,
        "iops_samples" : 0
      },
      "write" : {
        "io_bytes" : 1435762688,
        "io_kbytes" : 1402112,
        "bw_bytes" : 47853970,
        "bw" : 46732,
        "iops" : 11683.098357,
        "runtime" : 30003,
        "total_ios" : 350528,
        "short_ios" : 0,
        "drop_ios" : 0,
        "slat_ns" : {
          "min" : 795,
          "max" : 747625,
          "mean" : 4068.375143,
          "stddev" : 3730.394858,
          "N" : 350528
        },
        "clat_ns" : {
          "min" : 514959,
          "max" : 184688203,
          "mean" : 4102663.375653,
          "stddev" : 7024802.742515,
          "N" : 350528,
          "percentile" : {
            "1.000000" : 1138688,
            "5.000000" : 2007040,
            "10.000000" : 2473984,
            "20.000000" : 2670592,
            "30.000000" : 2768896,
            "40.000000" : 2867200,
            "50.000000" : 2965504,
            "60.000000" : 3063808,
            "70.000000" : 3194880,
            "80.000000" : 3391488,
            "90.000000" : 3719168,
            "95.000000" : 4145152,
            "99.000000" : 40632320,
            "99.500000" : 48496640,
            "99.900000" : 70778880,
            "99.950000" : 84410368,
            "99.990000" : 183500800
          }
        },
        "lat_ns" : {
          "min" : 519431,
          "max" : 184690687,
          "mean" : 4106731.750796,
          "stddev" : 7025230.122843,
          "N" : 350528
        },
        "bw_min" : 6563,
        "bw_max" : 69960,
        "bw_agg" : 100.000000,
        "bw_mean" : 46792.644068,
        "bw_dev" : 21417.133819,
        "bw_samples" : 59,
        "iops_min" : 1640,
        "iops_max" : 17490,
        "iops_mean" : 11698.169492,
        "iops_stddev" : 5354.328704,
        "iops_samples" : 59
      },
      "trim" : {
        "io_bytes" : 0,
        "io_kbytes" : 0,
        "bw_bytes" : 0,
        "bw" : 0,
        "iops" : 0.000000,
        "runtime" : 0,
        "total_ios" : 0,
        "short_ios" : 0,
        "drop_ios" : 0,
        "slat_ns" : {
          "min" : 0,
          "max" : 0,
          "mean" : 0.000000,
          "stddev" : 0.000000,
          "N" : 0
        },
        "clat_ns" : {
          "min" : 0,
          "max" : 0,
          "mean" : 0.000000,
          "stddev" : 0.000000,
          "N" : 0
        },
        "lat_ns" : {
          "min" : 0,
          "max" : 0,
          "mean" : 0.000000,
          "stddev" : 0.000000,
          "N" : 0
        },
        "bw_min" : 0,
        "bw_max" : 0,
        "bw_agg" : 0.000000,
        "bw_mean" : 0.000000,
        "bw_dev" : 0.000000,
        "bw_samples" : 0,
        "iops_min" : 0,
        "iops_max" : 0,
        "iops_mean" : 0.000000,
        "iops_stddev" : 0.000000,
        "iops_samples" : 0
      },
      "sync" : {
        "total_ios" : 0,
        "lat_ns" : {
          "min" : 0,
          "max" : 0,
          "mean" : 0.000000,
          "stddev" : 0.000000,
          "N" : 0
        }
      },
      "job_runtime" : 30002,
      "usr_cpu" : 11.282581,
      "sys_cpu" : 4.973002,
      "ctx" : 250986,
      "majf" : 0,
      "minf" : 4726,
      "iodepth_level" : {
        "1" : 0.100000,
        "2" : 0.100000,
        "4" : 0.100000,
        "8" : 0.100000,
        "16" : 0.100000,
        "32" : 99.991156,
        ">=64" : 0.000000
      },
      "iodepth_submit" : {
        "0" : 0.000000,
        "4" : 100.000000,
        "8" : 0.000000,
        "16" : 0.000000,
        "32" : 0.000000,
        "64" : 0.000000,
        ">=64" : 0.000000
      },
      "iodepth_complete" : {
        "0" : 0.000000,
        "4" : 99.999857,
        "8" : 0.000000,
        "16" : 0.000000,
        "32" : 0.000000,
        "64" : 0.100000,
        ">=64" : 0.000000
      },
      "latency_ns" : {
        "2" : 0.000000,
        "4" : 0.000000,
        "10" : 0.000000,
        "20" : 0.000000,
        "50" : 0.000000,
        "100" : 0.000000,
        "250" : 0.000000,
        "500" : 0.000000,
        "750" : 0.000000,
        "1000" : 0.000000
      },
      "latency_us" : {
        "2" : 0.000000,
        "4" : 0.000000,
        "10" : 0.000000,
        "20" : 0.000000,
        "50" : 0.000000,
        "100" : 0.000000,
        "250" : 0.000000,
        "500" : 0.000000,
        "750" : 0.058198,
        "1000" : 0.475568
      },
      "latency_ms" : {
        "2" : 4.420474,
        "4" : 89.051089,
        "10" : 2.875662,
        "20" : 0.096711,
        "50" : 2.564702,
        "100" : 0.422791,
        "250" : 0.034805,
        "500" : 0.000000,
        "750" : 0.000000,
        "1000" : 0.000000,
        "2000" : 0.000000,
        ">=2000" : 0.000000
      },
      "latency_depth" : 48,
      "latency_target" : 0,
      "latency_percentile" : 100.000000,
      "latency_window" : 0
    }
  ],
  "disk_util" : [
    {
      "name" : "sda",
      "read_ios" : 0,
      "write_ios" : 302,
      "read_merges" : 0,
      "write_merges" : 272,
      "read_ticks" : 0,
      "write_ticks" : 3560,
      "in_queue" : 3560,
      "util" : 5.885297
    }
  ]
}
