{
  "fio version" : "fio-3.19-52-gb2ed",
  "timestamp" : 1589761528,
  "timestamp_ms" : 1589761528687,
  "time" : "Sun May 17 19:25:28 2020",
  "global options" : {
    "ioengine" : "rbd",
    "rw" : "randwrite",
    "bs" : "4096",
    "time_based" : "1",
    "runtime" : "30",
    "direct" : " 1",
    "clientname" : "admin",
    "pool" : "mybench",
    "rbdname" : "image1"
  },
  "jobs" : [
    {
      "jobname" : "fio-write",
      "groupid" : 0,
      "error" : 0,
      "eta" : 0,
      "elapsed" : 31,
      "job options" : {
        "iodepth" : "48"
      },
      "read" : {
        "io_bytes" : 0,
        "io_kbytes" : 0,
        "bw_bytes" : 0,
        "bw" : 0,
        "iops" : 0.000000,
        "runtime" : 0,
        "total_ios" : 0,
        "short_ios" : 0,
        "drop_ios" : 0,
        "slat_ns" : {
          "min" : 0,
          "max" : 0,
          "mean" : 0.000000,
          "stddev" : 0.000000,
          "N" : 0
        },
        "clat_ns" : {
          "min" : 0,
          "max" : 0,
          "mean" : 0.000000,
          "stddev" : 0.000000,
          "N" : 0
        },
        "lat_ns" : {
          "min" : 0,
          "max" : 0,
          "mean" : 0.000000,
          "stddev" : 0.000000,
          "N" : 0
        },
        "bw_min" : 0,
        "bw_max" : 0,
        "bw_agg" : 0.000000,
        "bw_mean" : 0.000000,
        "bw_dev" : 0.000000,
        "bw_samples" : 0,
        "iops_min" : 0,
        "iops_max" : 0,
        "iops_mean" : 0.000000,
        "iops_stddev" : 0.000000,
        "iops_samples" : 0
      },
      "write" : {
        "io_bytes" : 1533579264,
        "io_kbytes" : 1497636,
        "bw_bytes" : 51112493,
        "bw" : 49914,
        "iops" : 12478.636182,
        "runtime" : 30004,
        "total_ios" : 374409,
        "short_ios" : 0,
        "drop_ios" : 0,
        "slat_ns" : {
          "min" : 680,
          "max" : 789176,
          "mean" : 3330.441611,
          "stddev" : 3755.372621,
          "N" : 374409
        },
        "clat_ns" : {
          "min" : 1102875,
          "max" : 172243473,
          "mean" : 3841880.622162,
          "stddev" : 3269802.764042,
          "N" : 374409,
          "percentile" : {
            "1.000000" : 2113536,
            "5.000000" : 2572288,
            "10.000000" : 2801664,
            "20.000000" : 3096576,
            "30.000000" : 3260416,
            "40.000000" : 3424256,
            "50.000000" : 3555328,
            "60.000000" : 3719168,
            "70.000000" : 3915776,
            "80.000000" : 4227072,
            "90.000000" : 4882432,
            "95.000000" : 5668864,
            "99.000000" : 7372800,
            "99.500000" : 8159232,
            "99.900000" : 38010880,
            "99.950000" : 95944704,
            "99.990000" : 168820736
          }
        },
        "lat_ns" : {
          "min" : 1109904,
          "max" : 172245132,
          "mean" : 3845211.063773,
          "stddev" : 3269801.447776,
          "N" : 374409
        },
        "bw_min" : 27920,
        "bw_max" : 58584,
        "bw_agg" : 100.000000,
        "bw_mean" : 50041.779661,
        "bw_dev" : 5186.852717,
        "bw_samples" : 59,
        "iops_min" : 6980,
        "iops_max" : 14646,
        "iops_mean" : 12510.389831,
        "iops_stddev" : 1296.746486,
        "iops_samples" : 59
      },
      "trim" : {
        "io_bytes" : 0,
        "io_kbytes" : 0,
        "bw_bytes" : 0,
        "bw" : 0,
        "iops" : 0.000000,
        "runtime" : 0,
        "total_ios" : 0,
        "short_ios" : 0,
        "drop_ios" : 0,
        "slat_ns" : {
          "min" : 0,
          "max" : 0,
          "mean" : 0.000000,
          "stddev" : 0.000000,
          "N" : 0
        },
        "clat_ns" : {
          "min" : 0,
          "max" : 0,
          "mean" : 0.000000,
          "stddev" : 0.000000,
          "N" : 0
        },
        "lat_ns" : {
          "min" : 0,
          "max" : 0,
          "mean" : 0.000000,
          "stddev" : 0.000000,
          "N" : 0
        },
        "bw_min" : 0,
        "bw_max" : 0,
        "bw_agg" : 0.000000,
        "bw_mean" : 0.000000,
        "bw_dev" : 0.000000,
        "bw_samples" : 0,
        "iops_min" : 0,
        "iops_max" : 0,
        "iops_mean" : 0.000000,
        "iops_stddev" : 0.000000,
        "iops_samples" : 0
      },
      "sync" : {
        "total_ios" : 0,
        "lat_ns" : {
          "min" : 0,
          "max" : 0,
          "mean" : 0.000000,
          "stddev" : 0.000000,
          "N" : 0
        }
      },
      "job_runtime" : 30003,
      "usr_cpu" : 10.405626,
      "sys_cpu" : 5.662767,
      "ctx" : 272954,
      "majf" : 0,
      "minf" : 2749,
      "iodepth_level" : {
        "1" : 0.100000,
        "2" : 0.100000,
        "4" : 0.100000,
        "8" : 0.100000,
        "16" : 0.100000,
        "32" : 99.991720,
        ">=64" : 0.000000
      },
      "iodepth_submit" : {
        "0" : 0.000000,
        "4" : 100.000000,
        "8" : 0.000000,
        "16" : 0.000000,
        "32" : 0.000000,
        "64" : 0.000000,
        ">=64" : 0.000000
      },
      "iodepth_complete" : {
        "0" : 0.000000,
        "4" : 99.999866,
        "8" : 0.000000,
        "16" : 0.000000,
        "32" : 0.000000,
        "64" : 0.100000,
        ">=64" : 0.000000
      },
      "latency_ns" : {
        "2" : 0.000000,
        "4" : 0.000000,
        "10" : 0.000000,
        "20" : 0.000000,
        "50" : 0.000000,
        "100" : 0.000000,
        "250" : 0.000000,
        "500" : 0.000000,
        "750" : 0.000000,
        "1000" : 0.000000
      },
      "latency_us" : {
        "2" : 0.000000,
        "4" : 0.000000,
        "10" : 0.000000,
        "20" : 0.000000,
        "50" : 0.000000,
        "100" : 0.000000,
        "250" : 0.000000,
        "500" : 0.000000,
        "750" : 0.000000,
        "1000" : 0.000000
      },
      "latency_ms" : {
        "2" : 0.651961,
        "4" : 72.386348,
        "10" : 26.683386,
        "20" : 0.132475,
        "50" : 0.074517,
        "100" : 0.043535,
        "250" : 0.027777,
        "500" : 0.000000,
        "750" : 0.000000,
        "1000" : 0.000000,
        "2000" : 0.000000,
        ">=2000" : 0.000000
      },
      "latency_depth" : 48,
      "latency_target" : 0,
      "latency_percentile" : 100.000000,
      "latency_window" : 0
    }
  ],
  "disk_util" : [
    {
      "name" : "sda",
      "read_ios" : 154,
      "write_ios" : 801,
      "read_merges" : 19,
      "write_merges" : 61113,
      "read_ticks" : 904,
      "write_ticks" : 23496,
      "in_queue" : 24392,
      "util" : 11.786397
    }
  ]
}
