{
  "fio version" : "fio-3.19-48-g3966",
  "timestamp" : 1588625032,
  "timestamp_ms" : 1588625032921,
  "time" : "Mon May  4 15:43:52 2020",
  "global options" : {
    "ioengine" : "rbd",
    "rw" : "randwrite",
    "bs" : "4096",
    "time_based" : "1",
    "runtime" : "300",
    "direct" : " 1",
    "clientname" : "admin",
    "pool" : "mybench",
    "rbdname" : "image1"
  },
  "jobs" : [
    {
      "jobname" : "fio-write",
      "groupid" : 0,
      "error" : 0,
      "eta" : 0,
      "elapsed" : 304,
      "job options" : {
        "iodepth" : "48"
      },
      "read" : {
        "io_bytes" : 0,
        "io_kbytes" : 0,
        "bw_bytes" : 0,
        "bw" : 0,
        "iops" : 0.000000,
        "runtime" : 0,
        "total_ios" : 0,
        "short_ios" : 0,
        "drop_ios" : 0,
        "slat_ns" : {
          "min" : 0,
          "max" : 0,
          "mean" : 0.000000,
          "stddev" : 0.000000,
          "N" : 0
        },
        "clat_ns" : {
          "min" : 0,
          "max" : 0,
          "mean" : 0.000000,
          "stddev" : 0.000000,
          "N" : 0
        },
        "lat_ns" : {
          "min" : 0,
          "max" : 0,
          "mean" : 0.000000,
          "stddev" : 0.000000,
          "N" : 0
        },
        "bw_min" : 0,
        "bw_max" : 0,
        "bw_agg" : 0.000000,
        "bw_mean" : 0.000000,
        "bw_dev" : 0.000000,
        "bw_samples" : 0,
        "iops_min" : 0,
        "iops_max" : 0,
        "iops_mean" : 0.000000,
        "iops_stddev" : 0.000000,
        "iops_samples" : 0
      },
      "write" : {
        "io_bytes" : 9417396224,
        "io_kbytes" : 9196676,
        "bw_bytes" : 31103406,
        "bw" : 30374,
        "iops" : 7593.605195,
        "runtime" : 302777,
        "total_ios" : 2299169,
        "short_ios" : 0,
        "drop_ios" : 0,
        "slat_ns" : {
          "min" : 634,
          "max" : 742580,
          "mean" : 3073.455699,
          "stddev" : 2871.211970,
          "N" : 2299169
        },
        "clat_ns" : {
          "min" : 764672,
          "max" : 3287698309,
          "mean" : 6316658.060552,
          "stddev" : 102560655.885213,
          "N" : 2299169,
          "percentile" : {
            "1.000000" : 1400832,
            "5.000000" : 1908736,
            "10.000000" : 2179072,
            "20.000000" : 2408448,
            "30.000000" : 2572288,
            "40.000000" : 2670592,
            "50.000000" : 2768896,
            "60.000000" : 2899968,
            "70.000000" : 2998272,
            "80.000000" : 3162112,
            "90.000000" : 3424256,
            "95.000000" : 3686400,
            "99.000000" : 4489216,
            "99.500000" : 5865472,
            "99.900000" : 2902458368,
            "99.950000" : 3137339392,
            "99.990000" : 3204448256
          }
        },
        "lat_ns" : {
          "min" : 779287,
          "max" : 3287701564,
          "mean" : 6319731.516251,
          "stddev" : 102560709.735176,
          "N" : 2299169
        },
        "bw_min" : 24,
        "bw_max" : 73448,
        "bw_agg" : 100.000000,
        "bw_mean" : 50876.958449,
        "bw_dev" : 22911.134226,
        "bw_samples" : 361,
        "iops_min" : 6,
        "iops_max" : 18362,
        "iops_mean" : 12719.238227,
        "iops_stddev" : 5727.782540,
        "iops_samples" : 361
      },
      "trim" : {
        "io_bytes" : 0,
        "io_kbytes" : 0,
        "bw_bytes" : 0,
        "bw" : 0,
        "iops" : 0.000000,
        "runtime" : 0,
        "total_ios" : 0,
        "short_ios" : 0,
        "drop_ios" : 0,
        "slat_ns" : {
          "min" : 0,
          "max" : 0,
          "mean" : 0.000000,
          "stddev" : 0.000000,
          "N" : 0
        },
        "clat_ns" : {
          "min" : 0,
          "max" : 0,
          "mean" : 0.000000,
          "stddev" : 0.000000,
          "N" : 0
        },
        "lat_ns" : {
          "min" : 0,
          "max" : 0,
          "mean" : 0.000000,
          "stddev" : 0.000000,
          "N" : 0
        },
        "bw_min" : 0,
        "bw_max" : 0,
        "bw_agg" : 0.000000,
        "bw_mean" : 0.000000,
        "bw_dev" : 0.000000,
        "bw_samples" : 0,
        "iops_min" : 0,
        "iops_max" : 0,
        "iops_mean" : 0.000000,
        "iops_stddev" : 0.000000,
        "iops_samples" : 0
      },
      "sync" : {
        "total_ios" : 0,
        "lat_ns" : {
          "min" : 0,
          "max" : 0,
          "mean" : 0.000000,
          "stddev" : 0.000000,
          "N" : 0
        }
      },
      "job_runtime" : 302776,
      "usr_cpu" : 6.711562,
      "sys_cpu" : 3.992390,
      "ctx" : 1740226,
      "majf" : 0,
      "minf" : 9031,
      "iodepth_level" : {
        "1" : 0.100000,
        "2" : 0.100000,
        "4" : 0.100000,
        "8" : 0.100000,
        "16" : 0.100000,
        "32" : 99.998652,
        ">=64" : 0.000000
      },
      "iodepth_submit" : {
        "0" : 0.000000,
        "4" : 100.000000,
        "8" : 0.000000,
        "16" : 0.000000,
        "32" : 0.000000,
        "64" : 0.000000,
        ">=64" : 0.000000
      },
      "iodepth_complete" : {
        "0" : 0.000000,
        "4" : 99.999978,
        "8" : 0.000000,
        "16" : 0.000000,
        "32" : 0.000000,
        "64" : 0.100000,
        ">=64" : 0.000000
      },
      "latency_ns" : {
        "2" : 0.000000,
        "4" : 0.000000,
        "10" : 0.000000,
        "20" : 0.000000,
        "50" : 0.000000,
        "100" : 0.000000,
        "250" : 0.000000,
        "500" : 0.000000,
        "750" : 0.000000,
        "1000" : 0.000000
      },
      "latency_us" : {
        "2" : 0.000000,
        "4" : 0.000000,
        "10" : 0.000000,
        "20" : 0.000000,
        "50" : 0.000000,
        "100" : 0.000000,
        "250" : 0.000000,
        "500" : 0.000000,
        "750" : 0.000000,
        "1000" : 0.016919
      },
      "latency_ms" : {
        "2" : 6.412926,
        "4" : 91.243140,
        "10" : 2.054786,
        "20" : 0.098688,
        "50" : 0.010000,
        "100" : 0.010000,
        "250" : 0.055933,
        "500" : 0.000000,
        "750" : 0.000000,
        "1000" : 0.000000,
        "2000" : 0.000000,
        ">=2000" : 0.110649
      },
      "latency_depth" : 48,
      "latency_target" : 0,
      "latency_percentile" : 100.000000,
      "latency_window" : 0
    }
  ],
  "disk_util" : [
    {
      "name" : "sda",
      "read_ios" : 441,
      "write_ios" : 5309,
      "read_merges" : 0,
      "write_merges" : 6594,
      "read_ticks" : 3388,
      "write_ticks" : 33104,
      "in_queue" : 36492,
      "util" : 9.263308
    }
  ]
}
