{
  "fio version" : "fio-3.19-48-g3966",
  "timestamp" : 1588079122,
  "timestamp_ms" : 1588079122432,
  "time" : "Tue Apr 28 08:05:22 2020",
  "global options" : {
    "ioengine" : "rbd",
    "rw" : "randwrite",
    "bs" : "4096",
    "time_based" : "1",
    "runtime" : "30",
    "direct" : " 1",
    "clientname" : "admin",
    "pool" : "mybench",
    "rbdname" : "image1"
  },
  "jobs" : [
    {
      "jobname" : "fio-write",
      "groupid" : 0,
      "error" : 0,
      "eta" : 0,
      "elapsed" : 31,
      "job options" : {
        "iodepth" : "48"
      },
      "read" : {
        "io_bytes" : 0,
        "io_kbytes" : 0,
        "bw_bytes" : 0,
        "bw" : 0,
        "iops" : 0.000000,
        "runtime" : 0,
        "total_ios" : 0,
        "short_ios" : 0,
        "drop_ios" : 0,
        "slat_ns" : {
          "min" : 0,
          "max" : 0,
          "mean" : 0.000000,
          "stddev" : 0.000000,
          "N" : 0
        },
        "clat_ns" : {
          "min" : 0,
          "max" : 0,
          "mean" : 0.000000,
          "stddev" : 0.000000,
          "N" : 0
        },
        "lat_ns" : {
          "min" : 0,
          "max" : 0,
          "mean" : 0.000000,
          "stddev" : 0.000000,
          "N" : 0
        },
        "bw_min" : 0,
        "bw_max" : 0,
        "bw_agg" : 0.000000,
        "bw_mean" : 0.000000,
        "bw_dev" : 0.000000,
        "bw_samples" : 0,
        "iops_min" : 0,
        "iops_max" : 0,
        "iops_mean" : 0.000000,
        "iops_stddev" : 0.000000,
        "iops_samples" : 0
      },
      "write" : {
        "io_bytes" : 1485004800,
        "io_kbytes" : 1450200,
        "bw_bytes" : 49496860,
        "bw" : 48336,
        "iops" : 12084.194387,
        "runtime" : 30002,
        "total_ios" : 362550,
        "short_ios" : 0,
        "drop_ios" : 0,
        "slat_ns" : {
          "min" : 568,
          "max" : 266000,
          "mean" : 2926.196318,
          "stddev" : 2885.573514,
          "N" : 362550
        },
        "clat_ns" : {
          "min" : 726637,
          "max" : 179207348,
          "mean" : 3967575.141572,
          "stddev" : 6536180.185901,
          "N" : 362550,
          "percentile" : {
            "1.000000" : 1269760,
            "5.000000" : 1843200,
            "10.000000" : 2179072,
            "20.000000" : 2473984,
            "30.000000" : 2670592,
            "40.000000" : 2801664,
            "50.000000" : 2965504,
            "60.000000" : 3096576,
            "70.000000" : 3260416,
            "80.000000" : 3457024,
            "90.000000" : 3850240,
            "95.000000" : 4358144,
            "99.000000" : 38535168,
            "99.500000" : 40108032,
            "99.900000" : 45350912,
            "99.950000" : 107479040,
            "99.990000" : 179306496
          }
        },
        "lat_ns" : {
          "min" : 732903,
          "max" : 179209082,
          "mean" : 3970501.337890,
          "stddev" : 6536790.333505,
          "N" : 362550
        },
        "bw_min" : 5954,
        "bw_max" : 72680,
        "bw_agg" : 99.945438,
        "bw_mean" : 48309.627119,
        "bw_dev" : 22343.305554,
        "bw_samples" : 59,
        "iops_min" : 1488,
        "iops_max" : 18170,
        "iops_mean" : 12077.423729,
        "iops_stddev" : 5585.857117,
        "iops_samples" : 59
      },
      "trim" : {
        "io_bytes" : 0,
        "io_kbytes" : 0,
        "bw_bytes" : 0,
        "bw" : 0,
        "iops" : 0.000000,
        "runtime" : 0,
        "total_ios" : 0,
        "short_ios" : 0,
        "drop_ios" : 0,
        "slat_ns" : {
          "min" : 0,
          "max" : 0,
          "mean" : 0.000000,
          "stddev" : 0.000000,
          "N" : 0
        },
        "clat_ns" : {
          "min" : 0,
          "max" : 0,
          "mean" : 0.000000,
          "stddev" : 0.000000,
          "N" : 0
        },
        "lat_ns" : {
          "min" : 0,
          "max" : 0,
          "mean" : 0.000000,
          "stddev" : 0.000000,
          "N" : 0
        },
        "bw_min" : 0,
        "bw_max" : 0,
        "bw_agg" : 0.000000,
        "bw_mean" : 0.000000,
        "bw_dev" : 0.000000,
        "bw_samples" : 0,
        "iops_min" : 0,
        "iops_max" : 0,
        "iops_mean" : 0.000000,
        "iops_stddev" : 0.000000,
        "iops_samples" : 0
      },
      "sync" : {
        "total_ios" : 0,
        "lat_ns" : {
          "min" : 0,
          "max" : 0,
          "mean" : 0.000000,
          "stddev" : 0.000000,
          "N" : 0
        }
      },
      "job_runtime" : 30001,
      "usr_cpu" : 11.229626,
      "sys_cpu" : 6.236459,
      "ctx" : 285307,
      "majf" : 0,
      "minf" : 7673,
      "iodepth_level" : {
        "1" : 0.100000,
        "2" : 0.100000,
        "4" : 0.100000,
        "8" : 0.100000,
        "16" : 0.100000,
        "32" : 99.991449,
        ">=64" : 0.000000
      },
      "iodepth_submit" : {
        "0" : 0.000000,
        "4" : 100.000000,
        "8" : 0.000000,
        "16" : 0.000000,
        "32" : 0.000000,
        "64" : 0.000000,
        ">=64" : 0.000000
      },
      "iodepth_complete" : {
        "0" : 0.000000,
        "4" : 99.999862,
        "8" : 0.000000,
        "16" : 0.000000,
        "32" : 0.000000,
        "64" : 0.100000,
        ">=64" : 0.000000
      },
      "latency_ns" : {
        "2" : 0.000000,
        "4" : 0.000000,
        "10" : 0.000000,
        "20" : 0.000000,
        "50" : 0.000000,
        "100" : 0.000000,
        "250" : 0.000000,
        "500" : 0.000000,
        "750" : 0.000000,
        "1000" : 0.000000
      },
      "latency_us" : {
        "2" : 0.000000,
        "4" : 0.000000,
        "10" : 0.000000,
        "20" : 0.000000,
        "50" : 0.000000,
        "100" : 0.000000,
        "250" : 0.000000,
        "500" : 0.000000,
        "750" : 0.010000,
        "1000" : 0.055165
      },
      "latency_ms" : {
        "2" : 6.879051,
        "4" : 85.149635,
        "10" : 5.007034,
        "20" : 0.106744,
        "50" : 2.749138,
        "100" : 0.000000,
        "250" : 0.052958,
        "500" : 0.000000,
        "750" : 0.000000,
        "1000" : 0.000000,
        "2000" : 0.000000,
        ">=2000" : 0.000000
      },
      "latency_depth" : 48,
      "latency_target" : 0,
      "latency_percentile" : 100.000000,
      "latency_window" : 0
    }
  ],
  "disk_util" : [
    {
      "name" : "sda",
      "read_ios" : 0,
      "write_ios" : 357,
      "read_merges" : 0,
      "write_merges" : 279,
      "read_ticks" : 0,
      "write_ticks" : 5120,
      "in_queue" : 5120,
      "util" : 6.219968
    }
  ]
}
