{
  "fio version" : "fio-3.19-48-g3966",
  "timestamp" : 1588661134,
  "timestamp_ms" : 1588661134331,
  "time" : "Tue May  5 01:45:34 2020",
  "global options" : {
    "ioengine" : "rbd",
    "rw" : "randwrite",
    "bs" : "4096",
    "time_based" : "1",
    "runtime" : "900",
    "direct" : " 1",
    "clientname" : "admin",
    "pool" : "mybench",
    "rbdname" : "image1"
  },
  "jobs" : [
    {
      "jobname" : "fio-write",
      "groupid" : 0,
      "error" : 0,
      "eta" : 0,
      "elapsed" : 901,
      "job options" : {
        "iodepth" : "128"
      },
      "read" : {
        "io_bytes" : 0,
        "io_kbytes" : 0,
        "bw_bytes" : 0,
        "bw" : 0,
        "iops" : 0.000000,
        "runtime" : 0,
        "total_ios" : 0,
        "short_ios" : 0,
        "drop_ios" : 0,
        "slat_ns" : {
          "min" : 0,
          "max" : 0,
          "mean" : 0.000000,
          "stddev" : 0.000000,
          "N" : 0
        },
        "clat_ns" : {
          "min" : 0,
          "max" : 0,
          "mean" : 0.000000,
          "stddev" : 0.000000,
          "N" : 0
        },
        "lat_ns" : {
          "min" : 0,
          "max" : 0,
          "mean" : 0.000000,
          "stddev" : 0.000000,
          "N" : 0
        },
        "bw_min" : 0,
        "bw_max" : 0,
        "bw_agg" : 0.000000,
        "bw_mean" : 0.000000,
        "bw_dev" : 0.000000,
        "bw_samples" : 0,
        "iops_min" : 0,
        "iops_max" : 0,
        "iops_mean" : 0.000000,
        "iops_stddev" : 0.000000,
        "iops_samples" : 0
      },
      "write" : {
        "io_bytes" : 52971511808,
        "io_kbytes" : 51729992,
        "bw_bytes" : 58857039,
        "bw" : 57477,
        "iops" : 14369.394324,
        "runtime" : 900003,
        "total_ios" : 12932498,
        "short_ios" : 0,
        "drop_ios" : 0,
        "slat_ns" : {
          "min" : 703,
          "max" : 981197,
          "mean" : 2785.731065,
          "stddev" : 2009.723754,
          "N" : 12932498
        },
        "clat_ns" : {
          "min" : 739036,
          "max" : 5294007586,
          "mean" : 8903805.730209,
          "stddev" : 101637708.501381,
          "N" : 12932498,
          "percentile" : {
            "1.000000" : 1794048,
            "5.000000" : 3391488,
            "10.000000" : 3883008,
            "20.000000" : 4358144,
            "30.000000" : 4620288,
            "40.000000" : 4882432,
            "50.000000" : 5079040,
            "60.000000" : 5406720,
            "70.000000" : 5799936,
            "80.000000" : 6520832,
            "90.000000" : 7766016,
            "95.000000" : 8847360,
            "99.000000" : 10682368,
            "99.500000" : 12124160,
            "99.900000" : 2701131776,
            "99.950000" : 3137339392,
            "99.990000" : 3305111552
          }
        },
        "lat_ns" : {
          "min" : 748437,
          "max" : 5294009270,
          "mean" : 8906591.461276,
          "stddev" : 101637729.066671,
          "N" : 12932498
        },
        "bw_min" : 16,
        "bw_max" : 102880,
        "bw_agg" : 100.000000,
        "bw_mean" : 77356.544910,
        "bw_dev" : 26462.671223,
        "bw_samples" : 1336,
        "iops_min" : 4,
        "iops_max" : 25720,
        "iops_mean" : 19339.132485,
        "iops_stddev" : 6615.670195,
        "iops_samples" : 1336
      },
      "trim" : {
        "io_bytes" : 0,
        "io_kbytes" : 0,
        "bw_bytes" : 0,
        "bw" : 0,
        "iops" : 0.000000,
        "runtime" : 0,
        "total_ios" : 0,
        "short_ios" : 0,
        "drop_ios" : 0,
        "slat_ns" : {
          "min" : 0,
          "max" : 0,
          "mean" : 0.000000,
          "stddev" : 0.000000,
          "N" : 0
        },
        "clat_ns" : {
          "min" : 0,
          "max" : 0,
          "mean" : 0.000000,
          "stddev" : 0.000000,
          "N" : 0
        },
        "lat_ns" : {
          "min" : 0,
          "max" : 0,
          "mean" : 0.000000,
          "stddev" : 0.000000,
          "N" : 0
        },
        "bw_min" : 0,
        "bw_max" : 0,
        "bw_agg" : 0.000000,
        "bw_mean" : 0.000000,
        "bw_dev" : 0.000000,
        "bw_samples" : 0,
        "iops_min" : 0,
        "iops_max" : 0,
        "iops_mean" : 0.000000,
        "iops_stddev" : 0.000000,
        "iops_samples" : 0
      },
      "sync" : {
        "total_ios" : 0,
        "lat_ns" : {
          "min" : 0,
          "max" : 0,
          "mean" : 0.000000,
          "stddev" : 0.000000,
          "N" : 0
        }
      },
      "job_runtime" : 900002,
      "usr_cpu" : 11.302975,
      "sys_cpu" : 5.976764,
      "ctx" : 8636375,
      "majf" : 0,
      "minf" : 38593,
      "iodepth_level" : {
        "1" : 0.100000,
        "2" : 0.100000,
        "4" : 0.100000,
        "8" : 0.100000,
        "16" : 0.100000,
        "32" : 0.100000,
        ">=64" : 99.999513
      },
      "iodepth_submit" : {
        "0" : 0.000000,
        "4" : 100.000000,
        "8" : 0.000000,
        "16" : 0.000000,
        "32" : 0.000000,
        "64" : 0.000000,
        ">=64" : 0.000000
      },
      "iodepth_complete" : {
        "0" : 0.000000,
        "4" : 99.999996,
        "8" : 0.000000,
        "16" : 0.000000,
        "32" : 0.000000,
        "64" : 0.000000,
        ">=64" : 0.100000
      },
      "latency_ns" : {
        "2" : 0.000000,
        "4" : 0.000000,
        "10" : 0.000000,
        "20" : 0.000000,
        "50" : 0.000000,
        "100" : 0.000000,
        "250" : 0.000000,
        "500" : 0.000000,
        "750" : 0.000000,
        "1000" : 0.000000
      },
      "latency_us" : {
        "2" : 0.000000,
        "4" : 0.000000,
        "10" : 0.000000,
        "20" : 0.000000,
        "50" : 0.000000,
        "100" : 0.000000,
        "250" : 0.000000,
        "500" : 0.000000,
        "750" : 0.010000,
        "1000" : 0.010000
      },
      "latency_ms" : {
        "2" : 1.317000,
        "4" : 10.588975,
        "10" : 86.327622,
        "20" : 1.500839,
        "50" : 0.026685,
        "100" : 0.063337,
        "250" : 0.059246,
        "500" : 0.010000,
        "750" : 0.010000,
        "1000" : 0.010000,
        "2000" : 0.010000,
        ">=2000" : 0.106592
      },
      "latency_depth" : 128,
      "latency_target" : 0,
      "latency_percentile" : 100.000000,
      "latency_window" : 0
    }
  ],
  "disk_util" : [
    {
      "name" : "sda",
      "read_ios" : 301,
      "write_ios" : 14028,
      "read_merges" : 30,
      "write_merges" : 17853,
      "read_ticks" : 1760,
      "write_ticks" : 138216,
      "in_queue" : 139964,
      "util" : 11.888350
    }
  ]
}
