{
  "fio version" : "fio-3.19-48-g3966",
  "timestamp" : 1588083573,
  "timestamp_ms" : 1588083573293,
  "time" : "Tue Apr 28 08:19:33 2020",
  "global options" : {
    "ioengine" : "rbd",
    "rw" : "randwrite",
    "bs" : "4096",
    "time_based" : "1",
    "runtime" : "30",
    "direct" : " 1",
    "clientname" : "admin",
    "pool" : "mybench",
    "rbdname" : "image1"
  },
  "jobs" : [
    {
      "jobname" : "fio-write",
      "groupid" : 0,
      "error" : 0,
      "eta" : 0,
      "elapsed" : 31,
      "job options" : {
        "iodepth" : "48"
      },
      "read" : {
        "io_bytes" : 0,
        "io_kbytes" : 0,
        "bw_bytes" : 0,
        "bw" : 0,
        "iops" : 0.000000,
        "runtime" : 0,
        "total_ios" : 0,
        "short_ios" : 0,
        "drop_ios" : 0,
        "slat_ns" : {
          "min" : 0,
          "max" : 0,
          "mean" : 0.000000,
          "stddev" : 0.000000,
          "N" : 0
        },
        "clat_ns" : {
          "min" : 0,
          "max" : 0,
          "mean" : 0.000000,
          "stddev" : 0.000000,
          "N" : 0
        },
        "lat_ns" : {
          "min" : 0,
          "max" : 0,
          "mean" : 0.000000,
          "stddev" : 0.000000,
          "N" : 0
        },
        "bw_min" : 0,
        "bw_max" : 0,
        "bw_agg" : 0.000000,
        "bw_mean" : 0.000000,
        "bw_dev" : 0.000000,
        "bw_samples" : 0,
        "iops_min" : 0,
        "iops_max" : 0,
        "iops_mean" : 0.000000,
        "iops_stddev" : 0.000000,
        "iops_samples" : 0
      },
      "write" : {
        "io_bytes" : 570384384,
        "io_kbytes" : 557016,
        "bw_bytes" : 19009644,
        "bw" : 18564,
        "iops" : 4641.026496,
        "runtime" : 30005,
        "total_ios" : 139254,
        "short_ios" : 0,
        "drop_ios" : 0,
        "slat_ns" : {
          "min" : 669,
          "max" : 285152,
          "mean" : 5286.398437,
          "stddev" : 4656.976727,
          "N" : 139254
        },
        "clat_ns" : {
          "min" : 933752,
          "max" : 266831944,
          "mean" : 10334742.647041,
          "stddev" : 15910780.257855,
          "N" : 139254,
          "percentile" : {
            "1.000000" : 1581056,
            "5.000000" : 2277376,
            "10.000000" : 3096576,
            "20.000000" : 4751360,
            "30.000000" : 5472256,
            "40.000000" : 5996544,
            "50.000000" : 6389760,
            "60.000000" : 6848512,
            "70.000000" : 7307264,
            "80.000000" : 8028160,
            "90.000000" : 9764864,
            "95.000000" : 56885248,
            "99.000000" : 74973184,
            "99.500000" : 81264640,
            "99.900000" : 91750400,
            "99.950000" : 137363456,
            "99.990000" : 250609664
          }
        },
        "lat_ns" : {
          "min" : 945105,
          "max" : 266837136,
          "mean" : 10340029.045478,
          "stddev" : 15911325.444523,
          "N" : 139254
        },
        "bw_min" : 3565,
        "bw_max" : 28936,
        "bw_agg" : 99.889799,
        "bw_mean" : 18543.542373,
        "bw_dev" : 10234.097919,
        "bw_samples" : 59,
        "iops_min" : 891,
        "iops_max" : 7234,
        "iops_mean" : 4635.881356,
        "iops_stddev" : 2558.530789,
        "iops_samples" : 59
      },
      "trim" : {
        "io_bytes" : 0,
        "io_kbytes" : 0,
        "bw_bytes" : 0,
        "bw" : 0,
        "iops" : 0.000000,
        "runtime" : 0,
        "total_ios" : 0,
        "short_ios" : 0,
        "drop_ios" : 0,
        "slat_ns" : {
          "min" : 0,
          "max" : 0,
          "mean" : 0.000000,
          "stddev" : 0.000000,
          "N" : 0
        },
        "clat_ns" : {
          "min" : 0,
          "max" : 0,
          "mean" : 0.000000,
          "stddev" : 0.000000,
          "N" : 0
        },
        "lat_ns" : {
          "min" : 0,
          "max" : 0,
          "mean" : 0.000000,
          "stddev" : 0.000000,
          "N" : 0
        },
        "bw_min" : 0,
        "bw_max" : 0,
        "bw_agg" : 0.000000,
        "bw_mean" : 0.000000,
        "bw_dev" : 0.000000,
        "bw_samples" : 0,
        "iops_min" : 0,
        "iops_max" : 0,
        "iops_mean" : 0.000000,
        "iops_stddev" : 0.000000,
        "iops_samples" : 0
      },
      "sync" : {
        "total_ios" : 0,
        "lat_ns" : {
          "min" : 0,
          "max" : 0,
          "mean" : 0.000000,
          "stddev" : 0.000000,
          "N" : 0
        }
      },
      "job_runtime" : 30004,
      "usr_cpu" : 5.215971,
      "sys_cpu" : 2.749633,
      "ctx" : 101967,
      "majf" : 0,
      "minf" : 436,
      "iodepth_level" : {
        "1" : 0.100000,
        "2" : 0.100000,
        "4" : 0.100000,
        "8" : 0.100000,
        "16" : 0.100000,
        "32" : 99.977739,
        ">=64" : 0.000000
      },
      "iodepth_submit" : {
        "0" : 0.000000,
        "4" : 100.000000,
        "8" : 0.000000,
        "16" : 0.000000,
        "32" : 0.000000,
        "64" : 0.000000,
        ">=64" : 0.000000
      },
      "iodepth_complete" : {
        "0" : 0.000000,
        "4" : 99.999641,
        "8" : 0.000000,
        "16" : 0.000000,
        "32" : 0.000000,
        "64" : 0.100000,
        ">=64" : 0.000000
      },
      "latency_ns" : {
        "2" : 0.000000,
        "4" : 0.000000,
        "10" : 0.000000,
        "20" : 0.000000,
        "50" : 0.000000,
        "100" : 0.000000,
        "250" : 0.000000,
        "500" : 0.000000,
        "750" : 0.000000,
        "1000" : 0.000000
      },
      "latency_us" : {
        "2" : 0.000000,
        "4" : 0.000000,
        "10" : 0.000000,
        "20" : 0.000000,
        "50" : 0.000000,
        "100" : 0.000000,
        "250" : 0.000000,
        "500" : 0.000000,
        "750" : 0.000000,
        "1000" : 0.010000
      },
      "latency_ms" : {
        "2" : 3.179801,
        "4" : 11.677223,
        "10" : 75.668922,
        "20" : 2.090425,
        "50" : 0.201790,
        "100" : 7.112183,
        "250" : 0.050986,
        "500" : 0.017953,
        "750" : 0.000000,
        "1000" : 0.000000,
        "2000" : 0.000000,
        ">=2000" : 0.000000
      },
      "latency_depth" : 48,
      "latency_target" : 0,
      "latency_percentile" : 100.000000,
      "latency_window" : 0
    }
  ],
  "disk_util" : [
    {
      "name" : "sda",
      "read_ios" : 91,
      "write_ios" : 483427,
      "read_merges" : 0,
      "write_merges" : 446684,
      "read_ticks" : 96,
      "write_ticks" : 47032,
      "in_queue" : 46684,
      "util" : 79.914601
    }
  ]
}
