{
  "fio version" : "fio-3.20-38-g14060",
  "timestamp" : 1592158401,
  "timestamp_ms" : 1592158401522,
  "time" : "Sun Jun 14 13:13:21 2020",
  "global options" : {
    "ioengine" : "rbd",
    "rw" : "randwrite",
    "bs" : "4096",
    "time_based" : "1",
    "runtime" : "300",
    "direct" : " 1",
    "clientname" : "admin",
    "pool" : "mybench",
    "rbdname" : "image1"
  },
  "jobs" : [
    {
      "jobname" : "fio-write",
      "groupid" : 0,
      "error" : 0,
      "eta" : 0,
      "elapsed" : 301,
      "job options" : {
        "iodepth" : "48"
      },
      "read" : {
        "io_bytes" : 0,
        "io_kbytes" : 0,
        "bw_bytes" : 0,
        "bw" : 0,
        "iops" : 0.000000,
        "runtime" : 0,
        "total_ios" : 0,
        "short_ios" : 0,
        "drop_ios" : 0,
        "slat_ns" : {
          "min" : 0,
          "max" : 0,
          "mean" : 0.000000,
          "stddev" : 0.000000,
          "N" : 0
        },
        "clat_ns" : {
          "min" : 0,
          "max" : 0,
          "mean" : 0.000000,
          "stddev" : 0.000000,
          "N" : 0
        },
        "lat_ns" : {
          "min" : 0,
          "max" : 0,
          "mean" : 0.000000,
          "stddev" : 0.000000,
          "N" : 0
        },
        "bw_min" : 0,
        "bw_max" : 0,
        "bw_agg" : 0.000000,
        "bw_mean" : 0.000000,
        "bw_dev" : 0.000000,
        "bw_samples" : 0,
        "iops_min" : 0,
        "iops_max" : 0,
        "iops_mean" : 0.000000,
        "iops_stddev" : 0.000000,
        "iops_samples" : 0
      },
      "write" : {
        "io_bytes" : 18115264512,
        "io_kbytes" : 17690688,
        "bw_bytes" : 60383611,
        "bw" : 58968,
        "iops" : 14742.092579,
        "runtime" : 300003,
        "total_ios" : 4422672,
        "short_ios" : 0,
        "drop_ios" : 0,
        "slat_ns" : {
          "min" : 648,
          "max" : 830637,
          "mean" : 3077.936661,
          "stddev" : 3182.204229,
          "N" : 4422672
        },
        "clat_ns" : {
          "min" : 857632,
          "max" : 202626159,
          "mean" : 3251744.288992,
          "stddev" : 4540571.411640,
          "N" : 4422672,
          "percentile" : {
            "1.000000" : 1433600,
            "5.000000" : 1695744,
            "10.000000" : 1859584,
            "20.000000" : 2088960,
            "30.000000" : 2277376,
            "40.000000" : 2473984,
            "50.000000" : 2703360,
            "60.000000" : 2932736,
            "70.000000" : 3293184,
            "80.000000" : 3817472,
            "90.000000" : 4882432,
            "95.000000" : 6193152,
            "99.000000" : 9895936,
            "99.500000" : 12124160,
            "99.900000" : 20578304,
            "99.950000" : 158334976,
            "99.990000" : 189792256
          }
        },
        "lat_ns" : {
          "min" : 867730,
          "max" : 202627963,
          "mean" : 3254822.225653,
          "stddev" : 4540544.429910,
          "N" : 4422672
        },
        "bw_min" : 17304,
        "bw_max" : 71376,
        "bw_agg" : 100.000000,
        "bw_mean" : 59061.724541,
        "bw_dev" : 8499.931345,
        "bw_samples" : 599,
        "iops_min" : 4326,
        "iops_max" : 17844,
        "iops_mean" : 14765.430718,
        "iops_stddev" : 2124.986481,
        "iops_samples" : 599
      },
      "trim" : {
        "io_bytes" : 0,
        "io_kbytes" : 0,
        "bw_bytes" : 0,
        "bw" : 0,
        "iops" : 0.000000,
        "runtime" : 0,
        "total_ios" : 0,
        "short_ios" : 0,
        "drop_ios" : 0,
        "slat_ns" : {
          "min" : 0,
          "max" : 0,
          "mean" : 0.000000,
          "stddev" : 0.000000,
          "N" : 0
        },
        "clat_ns" : {
          "min" : 0,
          "max" : 0,
          "mean" : 0.000000,
          "stddev" : 0.000000,
          "N" : 0
        },
        "lat_ns" : {
          "min" : 0,
          "max" : 0,
          "mean" : 0.000000,
          "stddev" : 0.000000,
          "N" : 0
        },
        "bw_min" : 0,
        "bw_max" : 0,
        "bw_agg" : 0.000000,
        "bw_mean" : 0.000000,
        "bw_dev" : 0.000000,
        "bw_samples" : 0,
        "iops_min" : 0,
        "iops_max" : 0,
        "iops_mean" : 0.000000,
        "iops_stddev" : 0.000000,
        "iops_samples" : 0
      },
      "sync" : {
        "total_ios" : 0,
        "lat_ns" : {
          "min" : 0,
          "max" : 0,
          "mean" : 0.000000,
          "stddev" : 0.000000,
          "N" : 0
        }
      },
      "job_runtime" : 300002,
      "usr_cpu" : 11.788255,
      "sys_cpu" : 7.312951,
      "ctx" : 2726506,
      "majf" : 0,
      "minf" : 11442,
      "iodepth_level" : {
        "1" : 0.100000,
        "2" : 0.100000,
        "4" : 0.100000,
        "8" : 0.100000,
        "16" : 0.100000,
        "32" : 99.999299,
        ">=64" : 0.000000
      },
      "iodepth_submit" : {
        "0" : 0.000000,
        "4" : 100.000000,
        "8" : 0.000000,
        "16" : 0.000000,
        "32" : 0.000000,
        "64" : 0.000000,
        ">=64" : 0.000000
      },
      "iodepth_complete" : {
        "0" : 0.000000,
        "4" : 99.999989,
        "8" : 0.000000,
        "16" : 0.000000,
        "32" : 0.000000,
        "64" : 0.100000,
        ">=64" : 0.000000
      },
      "latency_ns" : {
        "2" : 0.000000,
        "4" : 0.000000,
        "10" : 0.000000,
        "20" : 0.000000,
        "50" : 0.000000,
        "100" : 0.000000,
        "250" : 0.000000,
        "500" : 0.000000,
        "750" : 0.000000,
        "1000" : 0.000000
      },
      "latency_us" : {
        "2" : 0.000000,
        "4" : 0.000000,
        "10" : 0.000000,
        "20" : 0.000000,
        "50" : 0.000000,
        "100" : 0.000000,
        "250" : 0.000000,
        "500" : 0.000000,
        "750" : 0.000000,
        "1000" : 0.010000
      },
      "latency_ms" : {
        "2" : 15.883678,
        "4" : 66.332480,
        "10" : 16.802557,
        "20" : 0.873680,
        "50" : 0.048771,
        "100" : 0.010000,
        "250" : 0.057522,
        "500" : 0.000000,
        "750" : 0.000000,
        "1000" : 0.000000,
        "2000" : 0.000000,
        ">=2000" : 0.000000
      },
      "latency_depth" : 48,
      "latency_target" : 0,
      "latency_percentile" : 100.000000,
      "latency_window" : 0
    }
  ],
  "disk_util" : [
    {
      "name" : "sda",
      "read_ios" : 411,
      "write_ios" : 2243,
      "read_merges" : 0,
      "write_merges" : 2728,
      "read_ticks" : 2312,
      "write_ticks" : 22852,
      "in_queue" : 25168,
      "util" : 3.816827
    }
  ]
}
