{
  "fio version" : "fio-3.19-52-gb2ed",
  "timestamp" : 1589218338,
  "timestamp_ms" : 1589218338250,
  "time" : "Mon May 11 12:32:18 2020",
  "global options" : {
    "ioengine" : "rbd",
    "rw" : "randwrite",
    "bs" : "4096",
    "time_based" : "1",
    "runtime" : "120",
    "direct" : " 1",
    "clientname" : "admin",
    "pool" : "mybench",
    "rbdname" : "image1"
  },
  "jobs" : [
    {
      "jobname" : "fio-write",
      "groupid" : 0,
      "error" : 0,
      "eta" : 0,
      "elapsed" : 121,
      "job options" : {
        "iodepth" : "128"
      },
      "read" : {
        "io_bytes" : 0,
        "io_kbytes" : 0,
        "bw_bytes" : 0,
        "bw" : 0,
        "iops" : 0.000000,
        "runtime" : 0,
        "total_ios" : 0,
        "short_ios" : 0,
        "drop_ios" : 0,
        "slat_ns" : {
          "min" : 0,
          "max" : 0,
          "mean" : 0.000000,
          "stddev" : 0.000000,
          "N" : 0
        },
        "clat_ns" : {
          "min" : 0,
          "max" : 0,
          "mean" : 0.000000,
          "stddev" : 0.000000,
          "N" : 0
        },
        "lat_ns" : {
          "min" : 0,
          "max" : 0,
          "mean" : 0.000000,
          "stddev" : 0.000000,
          "N" : 0
        },
        "bw_min" : 0,
        "bw_max" : 0,
        "bw_agg" : 0.000000,
        "bw_mean" : 0.000000,
        "bw_dev" : 0.000000,
        "bw_samples" : 0,
        "iops_min" : 0,
        "iops_max" : 0,
        "iops_mean" : 0.000000,
        "iops_stddev" : 0.000000,
        "iops_samples" : 0
      },
      "write" : {
        "io_bytes" : 5746089984,
        "io_kbytes" : 5611416,
        "bw_bytes" : 47603618,
        "bw" : 46487,
        "iops" : 11621.977184,
        "runtime" : 120707,
        "total_ios" : 1402854,
        "short_ios" : 0,
        "drop_ios" : 0,
        "slat_ns" : {
          "min" : 707,
          "max" : 161203,
          "mean" : 2812.886331,
          "stddev" : 2204.992445,
          "N" : 1402854
        },
        "clat_ns" : {
          "min" : 824925,
          "max" : 4106759496,
          "mean" : 11009529.234910,
          "stddev" : 127481130.920385,
          "N" : 1402854,
          "percentile" : {
            "1.000000" : 1564672,
            "5.000000" : 2932736,
            "10.000000" : 3784704,
            "20.000000" : 4423680,
            "30.000000" : 4751360,
            "40.000000" : 5013504,
            "50.000000" : 5275648,
            "60.000000" : 5537792,
            "70.000000" : 5931008,
            "80.000000" : 6717440,
            "90.000000" : 8093696,
            "95.000000" : 9240576,
            "99.000000" : 11730944,
            "99.500000" : 15007744,
            "99.900000" : 3036676096,
            "99.950000" : 3204448256,
            "99.990000" : 3338665984
          }
        },
        "lat_ns" : {
          "min" : 826992,
          "max" : 4106761581,
          "mean" : 11012342.121241,
          "stddev" : 127481155.593889,
          "N" : 1402854
        },
        "bw_min" : 80,
        "bw_max" : 95256,
        "bw_agg" : 100.000000,
        "bw_mean" : 68423.445122,
        "bw_dev" : 28826.122722,
        "bw_samples" : 164,
        "iops_min" : 20,
        "iops_max" : 23814,
        "iops_mean" : 17105.865854,
        "iops_stddev" : 7206.545171,
        "iops_samples" : 164
      },
      "trim" : {
        "io_bytes" : 0,
        "io_kbytes" : 0,
        "bw_bytes" : 0,
        "bw" : 0,
        "iops" : 0.000000,
        "runtime" : 0,
        "total_ios" : 0,
        "short_ios" : 0,
        "drop_ios" : 0,
        "slat_ns" : {
          "min" : 0,
          "max" : 0,
          "mean" : 0.000000,
          "stddev" : 0.000000,
          "N" : 0
        },
        "clat_ns" : {
          "min" : 0,
          "max" : 0,
          "mean" : 0.000000,
          "stddev" : 0.000000,
          "N" : 0
        },
        "lat_ns" : {
          "min" : 0,
          "max" : 0,
          "mean" : 0.000000,
          "stddev" : 0.000000,
          "N" : 0
        },
        "bw_min" : 0,
        "bw_max" : 0,
        "bw_agg" : 0.000000,
        "bw_mean" : 0.000000,
        "bw_dev" : 0.000000,
        "bw_samples" : 0,
        "iops_min" : 0,
        "iops_max" : 0,
        "iops_mean" : 0.000000,
        "iops_stddev" : 0.000000,
        "iops_samples" : 0
      },
      "sync" : {
        "total_ios" : 0,
        "lat_ns" : {
          "min" : 0,
          "max" : 0,
          "mean" : 0.000000,
          "stddev" : 0.000000,
          "N" : 0
        }
      },
      "job_runtime" : 120706,
      "usr_cpu" : 9.144533,
      "sys_cpu" : 5.186155,
      "ctx" : 949723,
      "majf" : 0,
      "minf" : 4831,
      "iodepth_level" : {
        "1" : 0.100000,
        "2" : 0.100000,
        "4" : 0.100000,
        "8" : 0.100000,
        "16" : 0.100000,
        "32" : 0.100000,
        ">=64" : 99.995509
      },
      "iodepth_submit" : {
        "0" : 0.000000,
        "4" : 100.000000,
        "8" : 0.000000,
        "16" : 0.000000,
        "32" : 0.000000,
        "64" : 0.000000,
        ">=64" : 0.000000
      },
      "iodepth_complete" : {
        "0" : 0.000000,
        "4" : 99.999964,
        "8" : 0.000000,
        "16" : 0.000000,
        "32" : 0.000000,
        "64" : 0.000000,
        ">=64" : 0.100000
      },
      "latency_ns" : {
        "2" : 0.000000,
        "4" : 0.000000,
        "10" : 0.000000,
        "20" : 0.000000,
        "50" : 0.000000,
        "100" : 0.000000,
        "250" : 0.000000,
        "500" : 0.000000,
        "750" : 0.000000,
        "1000" : 0.000000
      },
      "latency_us" : {
        "2" : 0.000000,
        "4" : 0.000000,
        "10" : 0.000000,
        "20" : 0.000000,
        "50" : 0.000000,
        "100" : 0.000000,
        "250" : 0.000000,
        "500" : 0.000000,
        "750" : 0.000000,
        "1000" : 0.010000
      },
      "latency_ms" : {
        "2" : 2.159740,
        "4" : 10.286530,
        "10" : 84.759925,
        "20" : 2.416859,
        "50" : 0.062302,
        "100" : 0.034501,
        "250" : 0.101436,
        "500" : 0.000000,
        "750" : 0.000000,
        "1000" : 0.000000,
        "2000" : 0.010000,
        ">=2000" : 0.171579
      },
      "latency_depth" : 128,
      "latency_target" : 0,
      "latency_percentile" : 100.000000,
      "latency_window" : 0
    }
  ],
  "disk_util" : [
    {
      "name" : "sda",
      "read_ios" : 258,
      "write_ios" : 1998,
      "read_merges" : 59,
      "write_merges" : 2521,
      "read_ticks" : 3032,
      "write_ticks" : 19440,
      "in_queue" : 22464,
      "util" : 11.233978
    }
  ]
}
