{
  "fio version" : "fio-3.20-21-g00ca8",
  "timestamp" : 1591919020,
  "timestamp_ms" : 1591919020396,
  "time" : "Thu Jun 11 18:43:40 2020",
  "global options" : {
    "ioengine" : "rbd",
    "rw" : "randwrite",
    "bs" : "4096",
    "time_based" : "1",
    "runtime" : "300",
    "direct" : " 1",
    "clientname" : "admin",
    "pool" : "mybench",
    "rbdname" : "image1"
  },
  "jobs" : [
    {
      "jobname" : "fio-write",
      "groupid" : 0,
      "error" : 0,
      "eta" : 0,
      "elapsed" : 301,
      "job options" : {
        "iodepth" : "48"
      },
      "read" : {
        "io_bytes" : 0,
        "io_kbytes" : 0,
        "bw_bytes" : 0,
        "bw" : 0,
        "iops" : 0.000000,
        "runtime" : 0,
        "total_ios" : 0,
        "short_ios" : 0,
        "drop_ios" : 0,
        "slat_ns" : {
          "min" : 0,
          "max" : 0,
          "mean" : 0.000000,
          "stddev" : 0.000000,
          "N" : 0
        },
        "clat_ns" : {
          "min" : 0,
          "max" : 0,
          "mean" : 0.000000,
          "stddev" : 0.000000,
          "N" : 0
        },
        "lat_ns" : {
          "min" : 0,
          "max" : 0,
          "mean" : 0.000000,
          "stddev" : 0.000000,
          "N" : 0
        },
        "bw_min" : 0,
        "bw_max" : 0,
        "bw_agg" : 0.000000,
        "bw_mean" : 0.000000,
        "bw_dev" : 0.000000,
        "bw_samples" : 0,
        "iops_min" : 0,
        "iops_max" : 0,
        "iops_mean" : 0.000000,
        "iops_stddev" : 0.000000,
        "iops_samples" : 0
      },
      "write" : {
        "io_bytes" : 20378746880,
        "io_kbytes" : 19901120,
        "bw_bytes" : 67928476,
        "bw" : 66336,
        "iops" : 16584.100826,
        "runtime" : 300003,
        "total_ios" : 4975280,
        "short_ios" : 0,
        "drop_ios" : 0,
        "slat_ns" : {
          "min" : 705,
          "max" : 653707,
          "mean" : 2986.852113,
          "stddev" : 2823.414259,
          "N" : 4975280
        },
        "clat_ns" : {
          "min" : 628510,
          "max" : 205520357,
          "mean" : 2890144.416849,
          "stddev" : 4290638.758077,
          "N" : 4975280,
          "percentile" : {
            "1.000000" : 1187840,
            "5.000000" : 1449984,
            "10.000000" : 1613824,
            "20.000000" : 1859584,
            "30.000000" : 2056192,
            "40.000000" : 2244608,
            "50.000000" : 2473984,
            "60.000000" : 2736128,
            "70.000000" : 3031040,
            "80.000000" : 3489792,
            "90.000000" : 4358144,
            "95.000000" : 5275648,
            "99.000000" : 7766016,
            "99.500000" : 9109504,
            "99.900000" : 14352384,
            "99.950000" : 147849216,
            "99.990000" : 191889408
          }
        },
        "lat_ns" : {
          "min" : 630772,
          "max" : 205522228,
          "mean" : 2893131.268962,
          "stddev" : 4290609.695608,
          "N" : 4975280
        },
        "bw_min" : 24088,
        "bw_max" : 75840,
        "bw_agg" : 100.000000,
        "bw_mean" : 66442.215719,
        "bw_dev" : 8295.882810,
        "bw_samples" : 598,
        "iops_min" : 6022,
        "iops_max" : 18960,
        "iops_mean" : 16610.543478,
        "iops_stddev" : 2073.973791,
        "iops_samples" : 598
      },
      "trim" : {
        "io_bytes" : 0,
        "io_kbytes" : 0,
        "bw_bytes" : 0,
        "bw" : 0,
        "iops" : 0.000000,
        "runtime" : 0,
        "total_ios" : 0,
        "short_ios" : 0,
        "drop_ios" : 0,
        "slat_ns" : {
          "min" : 0,
          "max" : 0,
          "mean" : 0.000000,
          "stddev" : 0.000000,
          "N" : 0
        },
        "clat_ns" : {
          "min" : 0,
          "max" : 0,
          "mean" : 0.000000,
          "stddev" : 0.000000,
          "N" : 0
        },
        "lat_ns" : {
          "min" : 0,
          "max" : 0,
          "mean" : 0.000000,
          "stddev" : 0.000000,
          "N" : 0
        },
        "bw_min" : 0,
        "bw_max" : 0,
        "bw_agg" : 0.000000,
        "bw_mean" : 0.000000,
        "bw_dev" : 0.000000,
        "bw_samples" : 0,
        "iops_min" : 0,
        "iops_max" : 0,
        "iops_mean" : 0.000000,
        "iops_stddev" : 0.000000,
        "iops_samples" : 0
      },
      "sync" : {
        "total_ios" : 0,
        "lat_ns" : {
          "min" : 0,
          "max" : 0,
          "mean" : 0.000000,
          "stddev" : 0.000000,
          "N" : 0
        }
      },
      "job_runtime" : 300002,
      "usr_cpu" : 12.790915,
      "sys_cpu" : 7.243618,
      "ctx" : 3218011,
      "majf" : 0,
      "minf" : 26892,
      "iodepth_level" : {
        "1" : 0.100000,
        "2" : 0.100000,
        "4" : 0.100000,
        "8" : 0.100000,
        "16" : 0.100000,
        "32" : 99.999377,
        ">=64" : 0.000000
      },
      "iodepth_submit" : {
        "0" : 0.000000,
        "4" : 100.000000,
        "8" : 0.000000,
        "16" : 0.000000,
        "32" : 0.000000,
        "64" : 0.000000,
        ">=64" : 0.000000
      },
      "iodepth_complete" : {
        "0" : 0.000000,
        "4" : 99.999990,
        "8" : 0.000000,
        "16" : 0.000000,
        "32" : 0.000000,
        "64" : 0.100000,
        ">=64" : 0.000000
      },
      "latency_ns" : {
        "2" : 0.000000,
        "4" : 0.000000,
        "10" : 0.000000,
        "20" : 0.000000,
        "50" : 0.000000,
        "100" : 0.000000,
        "250" : 0.000000,
        "500" : 0.000000,
        "750" : 0.000000,
        "1000" : 0.000000
      },
      "latency_us" : {
        "2" : 0.000000,
        "4" : 0.000000,
        "10" : 0.000000,
        "20" : 0.000000,
        "50" : 0.000000,
        "100" : 0.000000,
        "250" : 0.000000,
        "500" : 0.000000,
        "750" : 0.010000,
        "1000" : 0.157519
      },
      "latency_ms" : {
        "2" : 26.996752,
        "4" : 59.834240,
        "10" : 12.665378,
        "20" : 0.284949,
        "50" : 0.010000,
        "100" : 0.000000,
        "250" : 0.054992,
        "500" : 0.000000,
        "750" : 0.000000,
        "1000" : 0.000000,
        "2000" : 0.000000,
        ">=2000" : 0.000000
      },
      "latency_depth" : 48,
      "latency_target" : 0,
      "latency_percentile" : 100.000000,
      "latency_window" : 0
    }
  ],
  "disk_util" : [
    {
      "name" : "sda",
      "read_ios" : 438,
      "write_ios" : 2303,
      "read_merges" : 0,
      "write_merges" : 2828,
      "read_ticks" : 2004,
      "write_ticks" : 26436,
      "in_queue" : 28440,
      "util" : 5.856807
    }
  ]
}
