{
  "fio version" : "fio-3.19-48-g3966",
  "timestamp" : 1588620571,
  "timestamp_ms" : 1588620571563,
  "time" : "Mon May  4 14:29:31 2020",
  "global options" : {
    "ioengine" : "rbd",
    "rw" : "randwrite",
    "bs" : "4096",
    "time_based" : "1",
    "runtime" : "300",
    "direct" : " 1",
    "clientname" : "admin",
    "pool" : "mybench",
    "rbdname" : "image1"
  },
  "jobs" : [
    {
      "jobname" : "fio-write",
      "groupid" : 0,
      "error" : 0,
      "eta" : 0,
      "elapsed" : 301,
      "job options" : {
        "iodepth" : "48"
      },
      "read" : {
        "io_bytes" : 0,
        "io_kbytes" : 0,
        "bw_bytes" : 0,
        "bw" : 0,
        "iops" : 0.000000,
        "runtime" : 0,
        "total_ios" : 0,
        "short_ios" : 0,
        "drop_ios" : 0,
        "slat_ns" : {
          "min" : 0,
          "max" : 0,
          "mean" : 0.000000,
          "stddev" : 0.000000,
          "N" : 0
        },
        "clat_ns" : {
          "min" : 0,
          "max" : 0,
          "mean" : 0.000000,
          "stddev" : 0.000000,
          "N" : 0
        },
        "lat_ns" : {
          "min" : 0,
          "max" : 0,
          "mean" : 0.000000,
          "stddev" : 0.000000,
          "N" : 0
        },
        "bw_min" : 0,
        "bw_max" : 0,
        "bw_agg" : 0.000000,
        "bw_mean" : 0.000000,
        "bw_dev" : 0.000000,
        "bw_samples" : 0,
        "iops_min" : 0,
        "iops_max" : 0,
        "iops_mean" : 0.000000,
        "iops_stddev" : 0.000000,
        "iops_samples" : 0
      },
      "write" : {
        "io_bytes" : 9155239936,
        "io_kbytes" : 8940664,
        "bw_bytes" : 30517161,
        "bw" : 29801,
        "iops" : 7450.478829,
        "runtime" : 300003,
        "total_ios" : 2235166,
        "short_ios" : 0,
        "drop_ios" : 0,
        "slat_ns" : {
          "min" : 624,
          "max" : 3724751,
          "mean" : 3501.849326,
          "stddev" : 3966.823913,
          "N" : 2235166
        },
        "clat_ns" : {
          "min" : 738382,
          "max" : 5599247319,
          "mean" : 6437574.705559,
          "stddev" : 108275978.837952,
          "N" : 2235166,
          "percentile" : {
            "1.000000" : 1351680,
            "5.000000" : 1826816,
            "10.000000" : 2088960,
            "20.000000" : 2342912,
            "30.000000" : 2506752,
            "40.000000" : 2637824,
            "50.000000" : 2768896,
            "60.000000" : 2899968,
            "70.000000" : 3063808,
            "80.000000" : 3293184,
            "90.000000" : 3817472,
            "95.000000" : 4423680,
            "99.000000" : 5931008,
            "99.500000" : 6914048,
            "99.900000" : 2667577344,
            "99.950000" : 3103784960,
            "99.990000" : 4462739456
          }
        },
        "lat_ns" : {
          "min" : 752644,
          "max" : 5599250674,
          "mean" : 6441076.554885,
          "stddev" : 108276018.902633,
          "N" : 2235166
        },
        "bw_min" : 8,
        "bw_max" : 71184,
        "bw_agg" : 100.000000,
        "bw_mean" : 48143.718919,
        "bw_dev" : 23261.784548,
        "bw_samples" : 370,
        "iops_min" : 2,
        "iops_max" : 17794,
        "iops_mean" : 12035.929730,
        "iops_stddev" : 5815.445125,
        "iops_samples" : 370
      },
      "trim" : {
        "io_bytes" : 0,
        "io_kbytes" : 0,
        "bw_bytes" : 0,
        "bw" : 0,
        "iops" : 0.000000,
        "runtime" : 0,
        "total_ios" : 0,
        "short_ios" : 0,
        "drop_ios" : 0,
        "slat_ns" : {
          "min" : 0,
          "max" : 0,
          "mean" : 0.000000,
          "stddev" : 0.000000,
          "N" : 0
        },
        "clat_ns" : {
          "min" : 0,
          "max" : 0,
          "mean" : 0.000000,
          "stddev" : 0.000000,
          "N" : 0
        },
        "lat_ns" : {
          "min" : 0,
          "max" : 0,
          "mean" : 0.000000,
          "stddev" : 0.000000,
          "N" : 0
        },
        "bw_min" : 0,
        "bw_max" : 0,
        "bw_agg" : 0.000000,
        "bw_mean" : 0.000000,
        "bw_dev" : 0.000000,
        "bw_samples" : 0,
        "iops_min" : 0,
        "iops_max" : 0,
        "iops_mean" : 0.000000,
        "iops_stddev" : 0.000000,
        "iops_samples" : 0
      },
      "sync" : {
        "total_ios" : 0,
        "lat_ns" : {
          "min" : 0,
          "max" : 0,
          "mean" : 0.000000,
          "stddev" : 0.000000,
          "N" : 0
        }
      },
      "job_runtime" : 300002,
      "usr_cpu" : 6.860621,
      "sys_cpu" : 3.629976,
      "ctx" : 1508308,
      "majf" : 2,
      "minf" : 2876,
      "iodepth_level" : {
        "1" : 0.100000,
        "2" : 0.100000,
        "4" : 0.100000,
        "8" : 0.100000,
        "16" : 0.100000,
        "32" : 99.998613,
        ">=64" : 0.000000
      },
      "iodepth_submit" : {
        "0" : 0.000000,
        "4" : 100.000000,
        "8" : 0.000000,
        "16" : 0.000000,
        "32" : 0.000000,
        "64" : 0.000000,
        ">=64" : 0.000000
      },
      "iodepth_complete" : {
        "0" : 0.000000,
        "4" : 99.999978,
        "8" : 0.000000,
        "16" : 0.000000,
        "32" : 0.000000,
        "64" : 0.100000,
        ">=64" : 0.000000
      },
      "latency_ns" : {
        "2" : 0.000000,
        "4" : 0.000000,
        "10" : 0.000000,
        "20" : 0.000000,
        "50" : 0.000000,
        "100" : 0.000000,
        "250" : 0.000000,
        "500" : 0.000000,
        "750" : 0.000000,
        "1000" : 0.000000
      },
      "latency_us" : {
        "2" : 0.000000,
        "4" : 0.000000,
        "10" : 0.000000,
        "20" : 0.000000,
        "50" : 0.000000,
        "100" : 0.000000,
        "250" : 0.000000,
        "500" : 0.000000,
        "750" : 0.010000,
        "1000" : 0.026844
      },
      "latency_ms" : {
        "2" : 7.833467,
        "4" : 84.119613,
        "10" : 7.742110,
        "20" : 0.102319,
        "50" : 0.012840,
        "100" : 0.027381,
        "250" : 0.023891,
        "500" : 0.010000,
        "750" : 0.010000,
        "1000" : 0.010000,
        "2000" : 0.010000,
        ">=2000" : 0.104332
      },
      "latency_depth" : 48,
      "latency_target" : 0,
      "latency_percentile" : 100.000000,
      "latency_window" : 0
    }
  ],
  "disk_util" : [
    {
      "name" : "sda",
      "read_ios" : 484,
      "write_ios" : 5527,
      "read_merges" : 0,
      "write_merges" : 6747,
      "read_ticks" : 2492,
      "write_ticks" : 37884,
      "in_queue" : 40368,
      "util" : 9.626325
    }
  ]
}
