{
  "fio version" : "fio-3.19-52-gb2ed",
  "timestamp" : 1589861288,
  "timestamp_ms" : 1589861288257,
  "time" : "Mon May 18 23:08:08 2020",
  "global options" : {
    "ioengine" : "rbd",
    "rw" : "randwrite",
    "bs" : "4096",
    "time_based" : "1",
    "runtime" : "300",
    "direct" : " 1",
    "clientname" : "admin",
    "pool" : "mybench",
    "rbdname" : "image1"
  },
  "jobs" : [
    {
      "jobname" : "fio-write",
      "groupid" : 0,
      "error" : 0,
      "eta" : 0,
      "elapsed" : 301,
      "job options" : {
        "iodepth" : "48"
      },
      "read" : {
        "io_bytes" : 0,
        "io_kbytes" : 0,
        "bw_bytes" : 0,
        "bw" : 0,
        "iops" : 0.000000,
        "runtime" : 0,
        "total_ios" : 0,
        "short_ios" : 0,
        "drop_ios" : 0,
        "slat_ns" : {
          "min" : 0,
          "max" : 0,
          "mean" : 0.000000,
          "stddev" : 0.000000,
          "N" : 0
        },
        "clat_ns" : {
          "min" : 0,
          "max" : 0,
          "mean" : 0.000000,
          "stddev" : 0.000000,
          "N" : 0
        },
        "lat_ns" : {
          "min" : 0,
          "max" : 0,
          "mean" : 0.000000,
          "stddev" : 0.000000,
          "N" : 0
        },
        "bw_min" : 0,
        "bw_max" : 0,
        "bw_agg" : 0.000000,
        "bw_mean" : 0.000000,
        "bw_dev" : 0.000000,
        "bw_samples" : 0,
        "iops_min" : 0,
        "iops_max" : 0,
        "iops_mean" : 0.000000,
        "iops_stddev" : 0.000000,
        "iops_samples" : 0
      },
      "write" : {
        "io_bytes" : 8112754688,
        "io_kbytes" : 7922612,
        "bw_bytes" : 27042155,
        "bw" : 26408,
        "iops" : 6602.088639,
        "runtime" : 300004,
        "total_ios" : 1980653,
        "short_ios" : 0,
        "drop_ios" : 0,
        "slat_ns" : {
          "min" : 878,
          "max" : 299014,
          "mean" : 3559.789137,
          "stddev" : 3122.673729,
          "N" : 1980653
        },
        "clat_ns" : {
          "min" : 849562,
          "max" : 5678896127,
          "mean" : 7265509.724599,
          "stddev" : 111674829.512404,
          "N" : 1980653,
          "percentile" : {
            "1.000000" : 1433600,
            "5.000000" : 2007040,
            "10.000000" : 2408448,
            "20.000000" : 2768896,
            "30.000000" : 2965504,
            "40.000000" : 3096576,
            "50.000000" : 3260416,
            "60.000000" : 3391488,
            "70.000000" : 3588096,
            "80.000000" : 3883008,
            "90.000000" : 4489216,
            "95.000000" : 5210112,
            "99.000000" : 6717440,
            "99.500000" : 7503872,
            "99.900000" : 2868903936,
            "99.950000" : 3137339392,
            "99.990000" : 4244635648
          }
        },
        "lat_ns" : {
          "min" : 851471,
          "max" : 5678899455,
          "mean" : 7269069.513736,
          "stddev" : 111674875.995970,
          "N" : 1980653
        },
        "bw_min" : 40,
        "bw_max" : 59656,
        "bw_agg" : 100.000000,
        "bw_mean" : 41556.921053,
        "bw_dev" : 19403.987883,
        "bw_samples" : 380,
        "iops_min" : 10,
        "iops_max" : 14914,
        "iops_mean" : 10389.228947,
        "iops_stddev" : 4850.996248,
        "iops_samples" : 380
      },
      "trim" : {
        "io_bytes" : 0,
        "io_kbytes" : 0,
        "bw_bytes" : 0,
        "bw" : 0,
        "iops" : 0.000000,
        "runtime" : 0,
        "total_ios" : 0,
        "short_ios" : 0,
        "drop_ios" : 0,
        "slat_ns" : {
          "min" : 0,
          "max" : 0,
          "mean" : 0.000000,
          "stddev" : 0.000000,
          "N" : 0
        },
        "clat_ns" : {
          "min" : 0,
          "max" : 0,
          "mean" : 0.000000,
          "stddev" : 0.000000,
          "N" : 0
        },
        "lat_ns" : {
          "min" : 0,
          "max" : 0,
          "mean" : 0.000000,
          "stddev" : 0.000000,
          "N" : 0
        },
        "bw_min" : 0,
        "bw_max" : 0,
        "bw_agg" : 0.000000,
        "bw_mean" : 0.000000,
        "bw_dev" : 0.000000,
        "bw_samples" : 0,
        "iops_min" : 0,
        "iops_max" : 0,
        "iops_mean" : 0.000000,
        "iops_stddev" : 0.000000,
        "iops_samples" : 0
      },
      "sync" : {
        "total_ios" : 0,
        "lat_ns" : {
          "min" : 0,
          "max" : 0,
          "mean" : 0.000000,
          "stddev" : 0.000000,
          "N" : 0
        }
      },
      "job_runtime" : 300003,
      "usr_cpu" : 6.203938,
      "sys_cpu" : 3.637630,
      "ctx" : 1406099,
      "majf" : 0,
      "minf" : 3071,
      "iodepth_level" : {
        "1" : 0.100000,
        "2" : 0.100000,
        "4" : 0.100000,
        "8" : 0.100000,
        "16" : 0.100000,
        "32" : 99.998435,
        ">=64" : 0.000000
      },
      "iodepth_submit" : {
        "0" : 0.000000,
        "4" : 100.000000,
        "8" : 0.000000,
        "16" : 0.000000,
        "32" : 0.000000,
        "64" : 0.000000,
        ">=64" : 0.000000
      },
      "iodepth_complete" : {
        "0" : 0.000000,
        "4" : 99.999975,
        "8" : 0.000000,
        "16" : 0.000000,
        "32" : 0.000000,
        "64" : 0.100000,
        ">=64" : 0.000000
      },
      "latency_ns" : {
        "2" : 0.000000,
        "4" : 0.000000,
        "10" : 0.000000,
        "20" : 0.000000,
        "50" : 0.000000,
        "100" : 0.000000,
        "250" : 0.000000,
        "500" : 0.000000,
        "750" : 0.000000,
        "1000" : 0.000000
      },
      "latency_us" : {
        "2" : 0.000000,
        "4" : 0.000000,
        "10" : 0.000000,
        "20" : 0.000000,
        "50" : 0.000000,
        "100" : 0.000000,
        "250" : 0.000000,
        "500" : 0.000000,
        "750" : 0.000000,
        "1000" : 0.010000
      },
      "latency_ms" : {
        "2" : 4.919943,
        "4" : 77.908397,
        "10" : 16.905182,
        "20" : 0.081084,
        "50" : 0.019489,
        "100" : 0.018933,
        "250" : 0.020246,
        "500" : 0.010000,
        "750" : 0.010000,
        "1000" : 0.010000,
        "2000" : 0.010000,
        ">=2000" : 0.120162
      },
      "latency_depth" : 48,
      "latency_target" : 0,
      "latency_percentile" : 100.000000,
      "latency_window" : 0
    }
  ],
  "disk_util" : [
    {
      "name" : "sda",
      "read_ios" : 733,
      "write_ios" : 8663,
      "read_merges" : 132,
      "write_merges" : 344131,
      "read_ticks" : 4600,
      "write_ticks" : 122552,
      "in_queue" : 127124,
      "util" : 15.731095
    }
  ]
}
