{
  "fio version" : "fio-3.19-48-g3966",
  "timestamp" : 1588083718,
  "timestamp_ms" : 1588083718954,
  "time" : "Tue Apr 28 08:21:58 2020",
  "global options" : {
    "ioengine" : "rbd",
    "rw" : "randwrite",
    "bs" : "4096",
    "time_based" : "1",
    "runtime" : "30",
    "direct" : " 1",
    "clientname" : "admin",
    "pool" : "mybench",
    "rbdname" : "image1"
  },
  "jobs" : [
    {
      "jobname" : "fio-write",
      "groupid" : 0,
      "error" : 0,
      "eta" : 0,
      "elapsed" : 31,
      "job options" : {
        "iodepth" : "48"
      },
      "read" : {
        "io_bytes" : 0,
        "io_kbytes" : 0,
        "bw_bytes" : 0,
        "bw" : 0,
        "iops" : 0.000000,
        "runtime" : 0,
        "total_ios" : 0,
        "short_ios" : 0,
        "drop_ios" : 0,
        "slat_ns" : {
          "min" : 0,
          "max" : 0,
          "mean" : 0.000000,
          "stddev" : 0.000000,
          "N" : 0
        },
        "clat_ns" : {
          "min" : 0,
          "max" : 0,
          "mean" : 0.000000,
          "stddev" : 0.000000,
          "N" : 0
        },
        "lat_ns" : {
          "min" : 0,
          "max" : 0,
          "mean" : 0.000000,
          "stddev" : 0.000000,
          "N" : 0
        },
        "bw_min" : 0,
        "bw_max" : 0,
        "bw_agg" : 0.000000,
        "bw_mean" : 0.000000,
        "bw_dev" : 0.000000,
        "bw_samples" : 0,
        "iops_min" : 0,
        "iops_max" : 0,
        "iops_mean" : 0.000000,
        "iops_stddev" : 0.000000,
        "iops_samples" : 0
      },
      "write" : {
        "io_bytes" : 501805056,
        "io_kbytes" : 490044,
        "bw_bytes" : 16725162,
        "bw" : 16333,
        "iops" : 4083.291671,
        "runtime" : 30003,
        "total_ios" : 122511,
        "short_ios" : 0,
        "drop_ios" : 0,
        "slat_ns" : {
          "min" : 679,
          "max" : 486054,
          "mean" : 4188.430916,
          "stddev" : 5282.393937,
          "N" : 122511
        },
        "clat_ns" : {
          "min" : 823590,
          "max" : 222734187,
          "mean" : 11748439.214789,
          "stddev" : 19005797.426263,
          "N" : 122511,
          "percentile" : {
            "1.000000" : 1433600,
            "5.000000" : 2039808,
            "10.000000" : 2834432,
            "20.000000" : 5013504,
            "30.000000" : 6324224,
            "40.000000" : 6717440,
            "50.000000" : 6979584,
            "60.000000" : 7241728,
            "70.000000" : 7503872,
            "80.000000" : 7897088,
            "90.000000" : 9240576,
            "95.000000" : 62128128,
            "99.000000" : 93847552,
            "99.500000" : 105381888,
            "99.900000" : 143654912,
            "99.950000" : 162529280,
            "99.990000" : 214958080
          }
        },
        "lat_ns" : {
          "min" : 829518,
          "max" : 222744967,
          "mean" : 11752627.645705,
          "stddev" : 19006454.140269,
          "N" : 122511
        },
        "bw_min" : 3596,
        "bw_max" : 28000,
        "bw_agg" : 99.668447,
        "bw_mean" : 16278.847458,
        "bw_dev" : 9385.792463,
        "bw_samples" : 59,
        "iops_min" : 899,
        "iops_max" : 7000,
        "iops_mean" : 4069.711864,
        "iops_stddev" : 2346.448116,
        "iops_samples" : 59
      },
      "trim" : {
        "io_bytes" : 0,
        "io_kbytes" : 0,
        "bw_bytes" : 0,
        "bw" : 0,
        "iops" : 0.000000,
        "runtime" : 0,
        "total_ios" : 0,
        "short_ios" : 0,
        "drop_ios" : 0,
        "slat_ns" : {
          "min" : 0,
          "max" : 0,
          "mean" : 0.000000,
          "stddev" : 0.000000,
          "N" : 0
        },
        "clat_ns" : {
          "min" : 0,
          "max" : 0,
          "mean" : 0.000000,
          "stddev" : 0.000000,
          "N" : 0
        },
        "lat_ns" : {
          "min" : 0,
          "max" : 0,
          "mean" : 0.000000,
          "stddev" : 0.000000,
          "N" : 0
        },
        "bw_min" : 0,
        "bw_max" : 0,
        "bw_agg" : 0.000000,
        "bw_mean" : 0.000000,
        "bw_dev" : 0.000000,
        "bw_samples" : 0,
        "iops_min" : 0,
        "iops_max" : 0,
        "iops_mean" : 0.000000,
        "iops_stddev" : 0.000000,
        "iops_samples" : 0
      },
      "sync" : {
        "total_ios" : 0,
        "lat_ns" : {
          "min" : 0,
          "max" : 0,
          "mean" : 0.000000,
          "stddev" : 0.000000,
          "N" : 0
        }
      },
      "job_runtime" : 30002,
      "usr_cpu" : 4.323045,
      "sys_cpu" : 2.343177,
      "ctx" : 85509,
      "majf" : 0,
      "minf" : 489,
      "iodepth_level" : {
        "1" : 0.100000,
        "2" : 0.100000,
        "4" : 0.100000,
        "8" : 0.100000,
        "16" : 0.100000,
        "32" : 99.974696,
        ">=64" : 0.000000
      },
      "iodepth_submit" : {
        "0" : 0.000000,
        "4" : 100.000000,
        "8" : 0.000000,
        "16" : 0.000000,
        "32" : 0.000000,
        "64" : 0.000000,
        ">=64" : 0.000000
      },
      "iodepth_complete" : {
        "0" : 0.000000,
        "4" : 99.999592,
        "8" : 0.000000,
        "16" : 0.000000,
        "32" : 0.000000,
        "64" : 0.100000,
        ">=64" : 0.000000
      },
      "latency_ns" : {
        "2" : 0.000000,
        "4" : 0.000000,
        "10" : 0.000000,
        "20" : 0.000000,
        "50" : 0.000000,
        "100" : 0.000000,
        "250" : 0.000000,
        "500" : 0.000000,
        "750" : 0.000000,
        "1000" : 0.000000
      },
      "latency_us" : {
        "2" : 0.000000,
        "4" : 0.000000,
        "10" : 0.000000,
        "20" : 0.000000,
        "50" : 0.000000,
        "100" : 0.000000,
        "250" : 0.000000,
        "500" : 0.000000,
        "750" : 0.000000,
        "1000" : 0.024488
      },
      "latency_ms" : {
        "2" : 4.620810,
        "4" : 11.700990,
        "10" : 74.203133,
        "20" : 0.960730,
        "50" : 0.157537,
        "100" : 7.588706,
        "250" : 0.743607,
        "500" : 0.000000,
        "750" : 0.000000,
        "1000" : 0.000000,
        "2000" : 0.000000,
        ">=2000" : 0.000000
      },
      "latency_depth" : 48,
      "latency_target" : 0,
      "latency_percentile" : 100.000000,
      "latency_window" : 0
    }
  ],
  "disk_util" : [
    {
      "name" : "sda",
      "read_ios" : 189,
      "write_ios" : 416921,
      "read_merges" : 0,
      "write_merges" : 328089,
      "read_ticks" : 100,
      "write_ticks" : 49992,
      "in_queue" : 49764,
      "util" : 76.794769
    }
  ]
}
