{
  "fio version" : "fio-3.19-60-g723f9",
  "timestamp" : 1589832948,
  "timestamp_ms" : 1589832948273,
  "time" : "Mon May 18 15:15:48 2020",
  "global options" : {
    "ioengine" : "rbd",
    "rw" : "randwrite",
    "bs" : "4096",
    "time_based" : "1",
    "runtime" : "30",
    "direct" : " 1",
    "clientname" : "admin",
    "pool" : "mybench",
    "rbdname" : "image1"
  },
  "jobs" : [
    {
      "jobname" : "fio-write",
      "groupid" : 0,
      "error" : 0,
      "eta" : 0,
      "elapsed" : 31,
      "job options" : {
        "iodepth" : "48"
      },
      "read" : {
        "io_bytes" : 0,
        "io_kbytes" : 0,
        "bw_bytes" : 0,
        "bw" : 0,
        "iops" : 0.000000,
        "runtime" : 0,
        "total_ios" : 0,
        "short_ios" : 0,
        "drop_ios" : 0,
        "slat_ns" : {
          "min" : 0,
          "max" : 0,
          "mean" : 0.000000,
          "stddev" : 0.000000,
          "N" : 0
        },
        "clat_ns" : {
          "min" : 0,
          "max" : 0,
          "mean" : 0.000000,
          "stddev" : 0.000000,
          "N" : 0
        },
        "lat_ns" : {
          "min" : 0,
          "max" : 0,
          "mean" : 0.000000,
          "stddev" : 0.000000,
          "N" : 0
        },
        "bw_min" : 0,
        "bw_max" : 0,
        "bw_agg" : 0.000000,
        "bw_mean" : 0.000000,
        "bw_dev" : 0.000000,
        "bw_samples" : 0,
        "iops_min" : 0,
        "iops_max" : 0,
        "iops_mean" : 0.000000,
        "iops_stddev" : 0.000000,
        "iops_samples" : 0
      },
      "write" : {
        "io_bytes" : 1474719744,
        "io_kbytes" : 1440156,
        "bw_bytes" : 49154047,
        "bw" : 48001,
        "iops" : 12000.499967,
        "runtime" : 30002,
        "total_ios" : 360039,
        "short_ios" : 0,
        "drop_ios" : 0,
        "slat_ns" : {
          "min" : 672,
          "max" : 132568,
          "mean" : 3846.702354,
          "stddev" : 3647.943037,
          "N" : 360039
        },
        "clat_ns" : {
          "min" : 779543,
          "max" : 92374973,
          "mean" : 3994547.689225,
          "stddev" : 2338791.226229,
          "N" : 360039,
          "percentile" : {
            "1.000000" : 1515520,
            "5.000000" : 1843200,
            "10.000000" : 2072576,
            "20.000000" : 2441216,
            "30.000000" : 2834432,
            "40.000000" : 3260416,
            "50.000000" : 3686400,
            "60.000000" : 4112384,
            "70.000000" : 4620288,
            "80.000000" : 5210112,
            "90.000000" : 6127616,
            "95.000000" : 6979584,
            "99.000000" : 9633792,
            "99.500000" : 11075584,
            "99.900000" : 32112640,
            "99.950000" : 40632320,
            "99.990000" : 90701824
          }
        },
        "lat_ns" : {
          "min" : 786388,
          "max" : 92378125,
          "mean" : 3998394.391580,
          "stddev" : 2338898.796170,
          "N" : 360039
        },
        "bw_min" : 27336,
        "bw_max" : 88144,
        "bw_agg" : 99.583201,
        "bw_mean" : 47800.932203,
        "bw_dev" : 14652.834095,
        "bw_samples" : 59,
        "iops_min" : 6834,
        "iops_max" : 22036,
        "iops_mean" : 11950.203390,
        "iops_stddev" : 3663.209417,
        "iops_samples" : 59
      },
      "trim" : {
        "io_bytes" : 0,
        "io_kbytes" : 0,
        "bw_bytes" : 0,
        "bw" : 0,
        "iops" : 0.000000,
        "runtime" : 0,
        "total_ios" : 0,
        "short_ios" : 0,
        "drop_ios" : 0,
        "slat_ns" : {
          "min" : 0,
          "max" : 0,
          "mean" : 0.000000,
          "stddev" : 0.000000,
          "N" : 0
        },
        "clat_ns" : {
          "min" : 0,
          "max" : 0,
          "mean" : 0.000000,
          "stddev" : 0.000000,
          "N" : 0
        },
        "lat_ns" : {
          "min" : 0,
          "max" : 0,
          "mean" : 0.000000,
          "stddev" : 0.000000,
          "N" : 0
        },
        "bw_min" : 0,
        "bw_max" : 0,
        "bw_agg" : 0.000000,
        "bw_mean" : 0.000000,
        "bw_dev" : 0.000000,
        "bw_samples" : 0,
        "iops_min" : 0,
        "iops_max" : 0,
        "iops_mean" : 0.000000,
        "iops_stddev" : 0.000000,
        "iops_samples" : 0
      },
      "sync" : {
        "total_ios" : 0,
        "lat_ns" : {
          "min" : 0,
          "max" : 0,
          "mean" : 0.000000,
          "stddev" : 0.000000,
          "N" : 0
        }
      },
      "job_runtime" : 30001,
      "usr_cpu" : 10.406320,
      "sys_cpu" : 5.643145,
      "ctx" : 236006,
      "majf" : 0,
      "minf" : 1427,
      "iodepth_level" : {
        "1" : 0.100000,
        "2" : 0.100000,
        "4" : 0.100000,
        "8" : 0.100000,
        "16" : 0.100000,
        "32" : 99.991390,
        ">=64" : 0.000000
      },
      "iodepth_submit" : {
        "0" : 0.000000,
        "4" : 100.000000,
        "8" : 0.000000,
        "16" : 0.000000,
        "32" : 0.000000,
        "64" : 0.000000,
        ">=64" : 0.000000
      },
      "iodepth_complete" : {
        "0" : 0.000000,
        "4" : 99.999861,
        "8" : 0.000000,
        "16" : 0.000000,
        "32" : 0.000000,
        "64" : 0.100000,
        ">=64" : 0.000000
      },
      "latency_ns" : {
        "2" : 0.000000,
        "4" : 0.000000,
        "10" : 0.000000,
        "20" : 0.000000,
        "50" : 0.000000,
        "100" : 0.000000,
        "250" : 0.000000,
        "500" : 0.000000,
        "750" : 0.000000,
        "1000" : 0.000000
      },
      "latency_us" : {
        "2" : 0.000000,
        "4" : 0.000000,
        "10" : 0.000000,
        "20" : 0.000000,
        "50" : 0.000000,
        "100" : 0.000000,
        "250" : 0.000000,
        "500" : 0.000000,
        "750" : 0.000000,
        "1000" : 0.010000
      },
      "latency_ms" : {
        "2" : 8.360483,
        "4" : 49.152731,
        "10" : 41.674096,
        "20" : 0.622710,
        "50" : 0.171648,
        "100" : 0.013887,
        "250" : 0.000000,
        "500" : 0.000000,
        "750" : 0.000000,
        "1000" : 0.000000,
        "2000" : 0.000000,
        ">=2000" : 0.000000
      },
      "latency_depth" : 48,
      "latency_target" : 0,
      "latency_percentile" : 100.000000,
      "latency_window" : 0
    }
  ],
  "disk_util" : [
    {
      "name" : "sda",
      "read_ios" : 68,
      "write_ios" : 597,
      "read_merges" : 0,
      "write_merges" : 63821,
      "read_ticks" : 260,
      "write_ticks" : 73788,
      "in_queue" : 74040,
      "util" : 6.343671
    }
  ]
}
